"Timestamp","Full Name","What is the name of your law firm /organization?","What is your position in your law firm or organization?","Kindly provide your working email address","Please provide us with your working mobile numbers of contacts","What is your physical address?","Kindly provide us with your admission number or Professional identifiable number if applicable","What is your preferred area of practice or industry or area of interest?","Work experience","What has motivated you to enroll for the mentorship program?","Are you comfortable with the online mentorship program?","Are you comfortable with one to one Mentorship?","What AMC mentorship program are you interested in? ","Do you anticipate any conflict between the AMC mentorship program and any other work or personal activity?","Do you agree to be bound by the AMC Confidential and Privacy Policy?","Do you agree to sign AMC Image Photo release policy?","Would recommend AMC Mentorship Programme to you friends’ family and colleagues?","What other expectations would you like to see in AMC Mentorship Programme?"
"2021/07/20 7:25:56 PM GMT+3","Anyanzwa Betsy","WIP","","kegehimulandi@gmail.com","0721625773","Mombasa","","Family Law","0-4years","Learn from great leaders","Yes","Yes","0ne month program","Slightly","Agree","Agree","",""
"2021/07/21 12:03:55 AM GMT+3","Charles Liberty Omete Ndirangu","N/A","N/A","libertycharles9@gmail.com","0716873930","3108-00100 Nairobi","20210307","Alternative Dispute Resolution - mediation. ","0-4years","The fact that you offer mediation services. That intrigued me. ","Yes","Yes","One year program","Yes ","Agree","Agree","Yes",""
"2021/07/21 12:56:05 PM GMT+3","Juliet Adhiambo Okelloh","","","julyokello@yahoo.com ","0701835337","Ngong Road","20200336","Conveyancing and Family ","0-4years","A mentorship relationship enables honest feedback with constractive criticism with the aim of building my professional growth.","Yes","Yes","0ne month program","No","Agree","Agree","Yes",""
"2021/07/22 9:58:19 AM GMT+3","Eddah Wanjiru Kimani","Kenya School of Law","","kimani.eddah2014@gmail.com","0711590937","Arboretum view apartments","","International Law","0-4years","To learn from experienced advocates","Yes","Yes","Three-month program","There is a possibility","Agree","Agree","",""
"2021/07/22 10:23:21 AM GMT+3","Shirley Wangusi","Kenya School of Law","Student ","shirleywangusi@gmail.com","0715461863","Penda Medical Centre, Langata ","20210676","Family Law, Probate and administration, Research, Criminal law, Property law ","0-4years","Seeking guidance to career success ","Yes","Yes","0ne month program","No ","Agree","Agree","Yes ",""
"2021/07/22 10:29:10 AM GMT+3","KELVIN MUNYOROKU MWANGI","KENYA SCHOOL OF LAW","ADVOCATE TRAINEE","kelvinmunyoroku@gmail.com","0791948294","RONGAI","20211393","ADR","0-4years","My motivation is the fact that i am going to get mentorship from senior practitioners in the legal profession.","Yes","Yes","One year program","","Agree","Agree","yes",""
"2021/07/22 2:05:58 PM GMT+3","MBOYA VALERIE MUTHEU","N/A","N/A","muthemboya@gmail.com","0703175018","36-90112 Machakos","N/A","Non-governmental organisations ","0-4years","The dire need to be mentored.","Yes","Yes","0ne month program","No","Agree","Agree","Yes","To grow in this legal career journey "
"2021/07/22 6:39:09 PM GMT+3","Monica Mwanaszumbah ","Office of the Attorney General and Department of Justice ","State Counsel ","mwanaszumbahmonique@gmail.com ","0714940229 ","Sheria House, Nairobi ","P105/13640/2017","Commercial transactions, psychology, ADR","0-4years","I need to find my purpose and forge my career path","Yes","Yes","One year program","No","Agree","Agree","Yes, once I experience it","I expect commitment to the programme, results"
"2021/07/22 7:23:28 PM GMT+3","Alice Wangari Njuguna ","J.K. Kibicho and Company Advocates ","PUPIL","wangarialice683@gmail.com","0719402292","Kikuyu","","Conveyancing,commercial and litigation","0-4years","Myself","Yes","Yes","0ne month program","No","Agree","Agree","Yes","To become a better at litigation "
"2021/07/22 9:22:46 PM GMT+3","Frankline Otieno Mokaya","Sichangi and Otieno Advocates","Partner","otienomokaya@gmail.com","+254719637701","Vienna Court, StateHouse Crescent","P105/16710/2019","Corporate & Commercial ","0-4years","desire to excel","Yes","Yes","One year program","No","Agree","Agree","Yes","Mentor ship and networking "
"2021/07/22 10:34:05 PM GMT+3","JULIUS  LAWI  ONYANGO","J.L.ONYANGO &  CO. ADVOCATES","SENIOR PARTNER","jlonyango@gmail.com","0722730899","SUMMIT HOUSE,4TH.FLOOR,ROOM 403, MOI AVENUE, NAIROBI.COMMER","LSK ADM. NO. P.105/7301/08","EMPLOYMENT, FAMILY, SUCCESSION,CONTRACT,","Over 30 years","I AM OVER 75 YEARS  OLD AND WOULD BE INTERESTED TO AQUIRE MORE KNOWLDGE OF MENTIRING TO ENABLE ME TO EFFECIVELY MENTOR YOUNGER GENERATION","Yes","Yes","Five-day program","NO","Agree","Agree","YES","TO ACQUIRE MORE KNOWLEDGE IN MENTORING"
"2021/07/23 7:27:46 AM GMT+3","Fridah Nyanchoka Nyasani ","Still in ksl","","fridahnyasani25@gmail.com ","+254 713737484","683 nyamira ","20161250","Conveyancing, litigation and international law ","0-4years","","Yes","Yes","One year program","No","Agree","Agree","Yes",""
"2021/07/23 9:31:31 AM GMT+3","Priscilla Mtawe Kioko","Priscilla Kioko & Associates","Managing partner","mtawe14@yahoo.com","0710 135 486","Mary Ngondu street, Luka plaza Tala market ","6688/07","Land","11-15 years","To get mentored and network","Yes","Yes","Five-day program","No","Agree","Agree","Yes","Growth and various topics like coaching"
"2021/07/23 10:31:49 AM GMT+3","Margaret Mounde","Kenya School of Law","Lecturer","mmounde@yahoo.com","0704024224","White Oak Park, Lenana Road, Kilimani, Nairobi.","KSL2021246","International Business Law / Commercial Law","5-10 years","Creation of professional networks; Access to mediation opportunities; Access to attend mentorship programmes","Yes","Yes","One year program","Yes; conflict between meeting times and classes","Agree","Agree","Yes",""
"2021/07/23 1:44:45 PM GMT+3","Oscar Kimani Gathura","Musili & Gathura Advocates","Partner","oscargathura@gmail.com","+254723327217","Nairobi, Upper Hill, Mara Road, Flamingo Towers, Wing B, Suite P1","P.105/16962/19","Alternative Dispute Resolution","0-4years","Nobody","Yes","Yes","Five-day program","No","Agree","Agree","Yes","Addressing of emerging issues"
"2021/07/23 2:50:49 PM GMT+3","BARBARA NGOME","CHRISTIAN LEGAL EDUCATION AID AND RESEARCH -KENYA","LEGAL ADMINISTRATIVE INTERN","barbsngome@gmail.com","0707182481","GUILDERS PLAZA,ODERA STREET,KISUMU","","HUMAN RIGHTS AND FAMILY LAW","0-4years","The growing injustices in the society today ","Yes","Yes","0ne month program","Yes","Agree","Agree","Yes","To be able to acquire necessary skills and knowledge to enable me grow in my career"
"2021/07/23 3:11:28 PM GMT+3","Muchai mwaniki","Bingwa sacco ltd","Legal officer","Mwanikimuchai@gmail.com","0725873226","289-kerugoya","N/a","Company law","0-4years","Learn and network","Yes","Yes","0ne month program","No","Agree","Agree","Yes","Networking "
"2021/07/23 3:21:17 PM GMT+3","Chelsie Mugambi","Mercy Kareithi and Company Advocates","Pupil/ Advocate Trainee","chelseamwende2030@gmail.com","0729239463","Nairobi ","N/A","Governance and public administration ","0-4years","Eager to learn how to charter my career path from my seniors. ","Yes","Yes","Three-month program","No","Agree","Agree","Yes","My hope is that the mentors will be strategic, honest and intentional about mentorship. "
"2021/07/23 3:31:22 PM GMT+3","Nimo Kering’","Dentons ","Associate ","nimokering@gmail.com","+254714630529","Valley Arcade, Lavington ","15994/19","Technology Law","0-4years","Learning for industry heavyweights and eventually giving back","Yes","Yes","0ne month program","No","Agree","Agree","Waiting on the program first ",""
"2021/07/23 3:55:50 PM GMT+3","Alice Mathangani","ODPP","Prosecution counsel","alicemathangani@gmail.com","0708018906","NSSF BUILDING 19TH FLOOR","P.105/9202/12","Any","5-10 years","To enhance my legal skills","Yes","Yes","One year program","Not at the moment","Agree","Agree","Yes","No"
"2021/07/23 4:11:17 PM GMT+3","Madonna Sneha Kimwele","Student ","Student ","madonnasneha@hotmail.com","0723070420","Nyali, Nyali Enclave","Everything ","Maritime , family law and criminal","0-4years","I am a student, i would like to gather as much experience as possible ","Yes","Yes","One year program","Yes","Agree","Agree","Yes","I would like to be able to practice at a firm, so that I can learn more. I would like to be guided about how to maintain my job and in the future, how I can become a judge and succeed in my other goals. I would also like to be advised on how can I open a firm."
"2021/07/23 8:20:31 PM GMT+3","Peris Muyaa","","Associate","lasoimuyaa@gmail.com","0727470992","Nairobi","P105/17438/20","All","0-4years","","Yes","Yes","Six-month program","Yes","Agree","Agree","",""
"2021/07/23 10:58:20 PM GMT+3","Nyambura Kihoro","Kihoro & Company Advocates","Founder","nyamburakihoro@gmail.com","+254724206385","Mombasa","P.105/13356/17","Constitutional,Family, commercial and Conveyancing Law","5-10 years","Need to learn how to advance and be relevant in my professio ","Yes","Yes","Three-month program","","Agree","Agree","Yes",""
"2021/07/23 11:19:45 PM GMT+3","Purity Makori ","Mogeni & Co.Advocates ","Partner ","Puritykmakori@gmail.com","0722315215","Mirage, Chiromo Road Westlands ","6808/08","Alternative Dispute Resolution","11-15 years","Learn and be mentored and mentor others","Yes","Yes","Five-day program","No","Agree","Agree","Yes","Mentor as many people as possible "
"2021/07/24 8:32:25 AM GMT+3","JULIUS BRUCE OCHIENG","UNIVERSITY OF NAIROBI (PARKLANDS CAMPUS)","STUDENT","brucejulius048@gmail.com","0707830873","KANGEMI","G34/2891/2018","Corporate, commercial Law and Alternative Dispute Resolution.","0-4years","I want to make better and informed personal and career choices. I believe having a mentor and making good use of them will assist me in making good choices. ","Yes","Yes","One year program","Yes. However, I recognize this is a wonderful opportunity for me as a student and that it will be in my best interest to be committed to the course.","Agree","Agree","Definitely. ","I expect to get proper career and personal guidance. I expect to get a chance to connect and network with legal or non-legal professionals of long standing. I also expect to share, learn and grow as a person."
"2021/07/25 3:58:11 PM GMT+3","Hafsa Fathima","JNTU","Btech","hafsafathima785@gmail.com","7893678427","India","https://www.linkedin.com/in/hafsa-fathima-8318861b8"," Information technology","0-4years;16-20 years","Leadership","Yes","","Five-day program","No","Agree","Agree","Yes","Yes"